{"accuracy": [0.5081967115402222, 0.5573770403862, 0.5983606576919556, 0.6065573692321777, 0.5901639461517334, 0.688524603843689, 0.6803278923034668, 0.6721311211585999, 0.7540983557701111, 0.6557376980781555, 0.7459016442298889, 0.7622950673103333, 0.7295082211494446, 0.7295082211494446, 0.6967213153839111, 0.7377049326896667, 0.7295082211494446, 0.811475396156311, 0.7786885499954224], "loss": [0.820915162563324, 0.7613254189491272, 0.6990583539009094, 0.7181951403617859, 0.6938126087188721, 0.5998103618621826, 0.6241874694824219, 0.6396660804748535, 0.5579525828361511, 0.5683130025863647, 0.57528156042099, 0.5534199476242065, 0.5262374877929688, 0.5370285511016846, 0.5426121354103088, 0.4902447462081909, 0.5627073049545288, 0.4455331563949585, 0.4981413781642914], "precision": [0.4444444477558136, 0.5, 0.5438596606254578, 0.5600000023841858, 0.5370370149612427, 0.6481481194496155, 0.6315789222717285, 0.6346153616905212, 0.7222222089767456, 0.625, 0.7555555701255798, 0.7358490824699402, 0.7142857313156128, 0.698113203048706, 0.6545454263687134, 0.761904776096344, 0.7234042286872864, 0.8039215803146362, 0.7368420958518982], "recall": [0.4444444477558136, 0.48148149251937866, 0.5740740895271301, 0.5185185074806213, 0.5370370149612427, 0.6481481194496155, 0.6666666865348816, 0.6111111044883728, 0.7222222089767456, 0.5555555820465088, 0.6296296119689941, 0.7222222089767456, 0.6481481194496155, 0.6851851940155029, 0.6666666865348816, 0.5925925970077515, 0.6296296119689941, 0.7592592835426331, 0.7777777910232544], "val_accuracy": [0.5666666626930237, 0.699999988079071, 0.6333333253860474, 0.6666666865348816, 0.699999988079071, 0.6666666865348816, 0.800000011920929, 0.699999988079071, 0.7666666507720947, 0.7666666507720947, 0.800000011920929, 0.699999988079071, 0.6666666865348816, 0.7333333492279053, 0.800000011920929, 0.6666666865348816, 0.699999988079071, 0.699999988079071, 0.699999988079071], "val_loss": [0.685146689414978, 0.6216947436332703, 0.6613019704818726, 0.5912025570869446, 0.563033401966095, 0.6085578799247742, 0.5421660542488098, 0.5473156571388245, 0.460415780544281, 0.5362376570701599, 0.4825599789619446, 0.4703703224658966, 0.5431457161903381, 0.5447405576705933, 0.5046517848968506, 0.5263480544090271, 0.5086546540260315, 0.5208414196968079, 0.5443866848945618], "val_precision": [0.5, 0.8333333134651184, 0.6000000238418579, 0.6666666865348816, 0.6666666865348816, 0.6666666865348816, 0.8181818127632141, 0.75, 0.875, 0.875, 0.8888888955116272, 0.75, 0.6666666865348816, 0.7777777910232544, 0.8888888955116272, 0.7142857313156128, 0.8333333134651184, 0.8333333134651184, 0.75], "val_recall": [0.3076923191547394, 0.38461539149284363, 0.4615384638309479, 0.4615384638309479, 0.6153846383094788, 0.4615384638309479, 0.692307710647583, 0.4615384638309479, 0.5384615659713745, 0.5384615659713745, 0.6153846383094788, 0.4615384638309479, 0.4615384638309479, 0.5384615659713745, 0.6153846383094788, 0.38461539149284363, 0.38461539149284363, 0.38461539149284363, 0.4615384638309479], "learning_rate": [9.999999747378752e-05, 9.999999747378752e-05, 9.999999747378752e-05, 9.999999747378752e-05, 9.999999747378752e-05, 9.999999747378752e-05, 9.999999747378752e-05, 9.999999747378752e-05, 9.999999747378752e-05, 9.999999747378752e-05, 9.999999747378752e-05, 9.999999747378752e-05, 9.999999747378752e-05, 9.999999747378752e-05, 4.999999873689376e-05, 4.999999873689376e-05, 4.999999873689376e-05, 4.999999873689376e-05, 4.999999873689376e-05]}